shock_variable,peak_response,peak_period,initial_response,cumulative_24m
CPIAUCSL,10.851673569533805,5,0.0,-147.0150746011332
UNRATE,0.2726923735178832,4,0.0,-4.512389107535864
FEDFUNDS,0.9886366261461496,5,0.0,11.279430503585193
SP500,1.0677746169090474,2,0.0,3.349297745172537
