Model,Train R²,Test R²,Train RMSE,Test RMSE,N Features
OLS Regression,0.924878741568204,-4.591538439476962,3.3678325328515157,24.941628701634677,15
Random Forest,0.9810571124962388,0.7288123187916373,1.691189021087441,5.492804364252177,15
