Model,MAE,RMSE,R²,MASE,Directional Accuracy
Linear,0.5809797326607944,1.4076192174801236,0.9891396438800545,0.18391044168896242,0.9575757575757575
RandomForest,1.515774096385529,2.133113340129241,0.9750597067866501,0.4798217009916054,0.8363636363636363
SVR,4.406686216977944,7.50384493035087,0.6913676875830923,1.3949464378686858,0.7454545454545455
Ensemble,1.8337395663586986,2.921113598109696,0.9532296538235486,0.5804743859945539,0.8787878787878788
