Model,MAE,RMSE,R²,MASE,Directional Accuracy
Linear,0.6093217506486557,1.3601569528530952,0.9898596780616912,0.19288217125796506,0.9636363636363636
RandomForest,1.536768072289145,2.146599279702772,0.974743355570513,0.4864673913043443,0.8424242424242424
SVR,4.597685938643923,7.419866286184295,0.6982370967740175,1.4554078295478479,0.7393939393939394
Ensemble,1.8791825368532973,2.865423816635613,0.954995968066019,0.5948594605599684,0.9030303030303031
