Model,Train R²,Test R²,Train RMSE,Test RMSE,N Features
OLS Regression,0.924878741568204,-4.591591007233321,3.3678325328515153,24.941745943284126,15
Random Forest,0.9809753727101892,0.7254524631257999,1.6948338884219658,5.526725926298106,15
