Model,MAE,RMSE,R²,MASE,Directional Accuracy
Linear,0.6023332371230838,1.2733658320818306,0.9911124905341291,0.19066994157595718,0.9575757575757575
RandomForest,1.5424307228915566,2.1522606652971987,0.974609957446141,0.48825991609458136,0.8363636363636363
SVR,4.623422926688637,7.540269643229813,0.6883641265528178,1.463554931026533,0.7272727272727273
Ensemble,1.8889831022864048,2.923373803211457,0.9531572489216866,0.5979618516009597,0.896969696969697
