Scenario,Base,Shocked,Change,Pct_Change
Recession Scenario,57.92520000000008,57.92520000000008,0.0,0.0
Inflation Shock,57.92520000000008,57.92520000000008,0.0,0.0
Recovery Scenario,57.92520000000008,57.92520000000008,0.0,0.0
