Scenario,Base,Shocked,Change,Pct_Change
Recession Scenario,57.9424000000001,57.9424000000001,0.0,0.0
Inflation Shock,57.9424000000001,57.9424000000001,0.0,0.0
Recovery Scenario,57.9424000000001,57.9424000000001,0.0,0.0
