Model,Train R²,Test R²,Train RMSE,Test RMSE,N Features
OLS Regression,0.9239774436272439,-2.5689367231778597,3.3879757661313215,19.926387716734315,15
Random Forest,0.9810048493446828,0.7195506873913855,1.6935203971127537,5.585812354432116,15
