Model,Train_R2,Test_R2,Train_RMSE,Test_RMSE
OLS Regression,0.9230595030736919,-1.7341770518873858,3.4083685869192144,17.441043660644194
Random Forest,0.9856025200217321,0.6831656593226605,1.4743897472070868,5.937112468187275
